codUsuario,numPartida,fecha,colision,observacion
001,1,2024-09-30,"Colision en x=70, y=338",(1|2)
001,1,2024-09-30,"Colision en x=69, y=328",(1|2)
001,1,2024-09-30,"Colision en x=69, y=328",(2|1)
001,1,2024-09-30,"Colision en x=69, y=328",(2|3)
001,1,2024-09-30,"Colision en x=69, y=328",(2|3)
001,1,2024-09-30,"Colision en x=61, y=25",(1|1)
001,1,2024-09-30,"Colision en x=60, y=24",(1|1)
001,1,2024-09-30,"Colision en x=59, y=23",(1|1)
001,1,2024-09-30,"Colision en x=58, y=22",(1|1)
001,1,2024-09-30,"Colision en x=57, y=21",(1|1)
001,1,2024-09-30,"Colision en x=56, y=20",(1|1)
001,1,2024-09-30,"Colision en x=55, y=19",(1|1)
001,1,2024-09-30,"Colision en x=54, y=18",(1|1)
001,1,2024-09-30,"Colision en x=53, y=17",(1|1)
001,1,2024-09-30,"Colision en x=52, y=16",(1|1)
001,1,2024-09-30,"Colision en x=51, y=15",(1|1)
001,1,2024-09-30,"Colision en x=50, y=14",(1|1)
001,1,2024-09-30,"Colision en x=49, y=13",(1|1)
001,1,2024-09-30,"Colision en x=48, y=12",(1|1)
001,1,2024-09-30,"Colision en x=47, y=11",(1|1)
001,1,2024-09-30,"Colision en x=46, y=10",(1|1)
001,1,2024-09-30,"Colision en x=45, y=9",(1|1)
001,1,2024-09-30,"Colision en x=44, y=8",(1|1)
001,1,2024-09-30,"Colision en x=43, y=7",(1|1)
001,1,2024-09-30,"Colision en x=42, y=6",(1|1)
001,1,2024-09-30,"Colision en x=41, y=5",(1|1)
001,1,2024-09-30,"Colision en x=40, y=4",(1|1)
001,1,2024-09-30,"Colision en x=39, y=3",(1|1)
001,1,2024-09-30,"Colision en x=38, y=2",(1|1)
001,1,2024-09-30,"Colision en x=37, y=2",(1|1)
001,1,2024-09-30,"Colision en x=36, y=1",(1|1)
001,1,2024-09-30,"Colision en x=35, y=1",(1|1)
001,1,2024-09-30,"Colision en x=34, y=1",(1|1)
001,1,2024-09-30,"Colision en x=33, y=1",(1|1)
001,1,2024-09-30,"Colision en x=32, y=1",(1|1)
001,1,2024-09-30,"Colision en x=56, y=189",(1|2)
001,1,2024-09-30,"Colision en x=55, y=179",(1|2)
001,1,2024-09-30,"Colision en x=54, y=169",(1|2)
001,1,2024-09-30,"Colision en x=53, y=159",(1|2)
001,1,2024-09-30,"Colision en x=52, y=149",(1|2)
001,1,2024-09-30,"Colision en x=51, y=139",(1|2)
001,1,2024-09-30,"Colision en x=50, y=129",(1|2)
001,1,2024-09-30,"Colision en x=49, y=119",(1|2)
001,1,2024-09-30,"Colision en x=48, y=109",(1|2)
001,1,2024-09-30,"Colision en x=47, y=99",(1|2)
001,1,2024-09-30,"Colision en x=46, y=89",(1|2)
001,1,2024-09-30,"Colision en x=45, y=79",(1|2)
001,1,2024-09-30,"Colision en x=44, y=69",(1|2)
001,1,2024-09-30,"Colision en x=43, y=59",(1|2)
001,1,2024-09-30,"Colision en x=42, y=49",(1|2)
001,1,2024-09-30,"Colision en x=41, y=39",(1|2)
001,1,2024-09-30,"Colision en x=40, y=29",(1|2)
001,1,2024-09-30,"Colision en x=39, y=28",(1|2)
001,1,2024-09-30,"Colision en x=38, y=27",(1|2)
001,1,2024-09-30,"Colision en x=37, y=26",(1|2)
001,1,2024-09-30,"Colision en x=36, y=25",(1|2)
001,1,2024-09-30,"Colision en x=35, y=24",(1|2)
001,1,2024-09-30,"Colision en x=34, y=23",(1|2)
001,1,2024-09-30,"Colision en x=33, y=22",(1|2)
001,1,2024-09-30,"Colision en x=33, y=22",(2|1)
001,1,2024-09-30,"Colision en x=63, y=2",(1|2)
001,1,2024-09-30,"Colision en x=62, y=2",(1|2)
001,1,2024-09-30,"Colision en x=61, y=2",(1|2)
001,1,2024-09-30,"Colision en x=60, y=2",(1|2)
001,1,2024-09-30,"Colision en x=59, y=2",(1|2)
001,1,2024-09-30,"Colision en x=58, y=2",(1|2)
001,1,2024-09-30,"Colision en x=57, y=2",(1|2)
001,1,2024-09-30,"Colision en x=56, y=2",(1|2)
001,1,2024-09-30,"Colision en x=55, y=2",(1|2)
001,1,2024-09-30,"Colision en x=54, y=2",(1|2)
001,1,2024-09-30,"Colision en x=53, y=2",(1|2)
001,1,2024-09-30,"Colision en x=52, y=2",(1|2)
001,1,2024-09-30,"Colision en x=71, y=2",(1|2)
001,1,2024-09-30,"Colision en x=71, y=2",(2|1)
001,1,2024-09-30,"Colision en x=71, y=2",(2|1)
001,1,2024-09-30,"Colision en x=65, y=2",(1|2)
001,1,2024-09-30,"Colision en x=63, y=2",(1|2)
001,1,2024-09-30,"Colision en x=62, y=2",(1|2)
001,1,2024-09-30,"Colision en x=61, y=2",(1|2)
001,1,2024-09-30,"Colision en x=60, y=2",(1|2)
001,1,2024-09-30,"Colision en x=59, y=2",(1|2)
001,1,2024-09-30,"Colision en x=58, y=2",(1|2)
001,1,2024-09-30,"Colision en x=57, y=2",(1|2)
001,1,2024-09-30,"Colision en x=68, y=518",(1|3)
001,1,2024-09-30,"Colision en x=67, y=508",(1|3)
001,1,2024-09-30,"Colision en x=66, y=498",(1|3)
001,1,2024-09-30,"Colision en x=65, y=488",(1|3)
001,1,2024-09-30,"Colision en x=64, y=478",(1|3)
001,1,2024-09-30,"Colision en x=63, y=468",(1|3)
001,1,2024-09-30,"Colision en x=62, y=458",(1|3)
001,1,2024-09-30,"Colision en x=61, y=448",(1|3)
001,1,2024-09-30,"Colision en x=60, y=438",(1|3)
001,1,2024-09-30,"Colision en x=59, y=428",(1|3)
001,1,2024-09-30,"Colision en x=58, y=418",(1|3)
001,1,2024-09-30,"Colision en x=57, y=408",(1|3)
001,1,2024-09-30,"Colision en x=56, y=398",(1|3)
001,1,2024-09-30,"Colision en x=55, y=388",(1|3)
001,1,2024-09-30,"Colision en x=39, y=363",(1|3)
001,1,2024-09-30,"Colision en x=38, y=353",(1|3)
001,1,2024-09-30,"Colision en x=38, y=353",(2|1)
001,1,2024-09-30,"Colision en x=67, y=538",(1|3)
001,1,2024-09-30,"Colision en x=67, y=538",(2|2)
001,1,2024-09-30,"Colision en x=69, y=74",(1|1)
001,1,2024-09-30,"Colision en x=69, y=74",(2|3)
001,1,2024-09-30,"Colision en x=69, y=74",(2|2)
001,1,2024-09-30,"Colision en x=70, y=492",(1|3)
001,1,2024-09-30,"Colision en x=67, y=436",(1|1)
001,1,2024-09-30,"Colision en x=66, y=428",(1|1)
001,1,2024-09-30,"Colision en x=65, y=420",(1|1)
001,1,2024-09-30,"Colision en x=64, y=414",(1|1)
001,1,2024-09-30,"Colision en x=63, y=408",(1|1)
001,1,2024-09-30,"Colision en x=62, y=398",(1|1)
001,1,2024-09-30,"Colision en x=61, y=388",(1|1)
001,1,2024-09-30,"Colision en x=60, y=380",(1|1)
001,1,2024-09-30,"Colision en x=59, y=372",(1|1)
001,1,2024-09-30,"Colision en x=58, y=364",(1|1)
001,1,2024-09-30,"Colision en x=57, y=354",(1|1)
001,1,2024-09-30,"Colision en x=56, y=344",(1|1)
001,1,2024-09-30,"Colision en x=55, y=336",(1|1)
001,1,2024-09-30,"Colision en x=54, y=326",(1|1)
001,1,2024-09-30,"Colision en x=53, y=318",(1|1)
001,1,2024-09-30,"Colision en x=52, y=310",(1|1)
001,1,2024-09-30,"Colision en x=51, y=302",(1|1)
001,1,2024-09-30,"Colision en x=50, y=294",(1|1)
001,1,2024-09-30,"Colision en x=49, y=286",(1|1)
001,1,2024-09-30,"Colision en x=48, y=280",(1|1)
001,1,2024-09-30,"Colision en x=47, y=274",(1|1)
001,1,2024-09-30,"Colision en x=46, y=266",(1|1)
001,1,2024-09-30,"Colision en x=45, y=258",(1|1)
001,1,2024-09-30,"Colision en x=44, y=252",(1|1)
001,1,2024-09-30,"Colision en x=43, y=246",(1|1)
001,1,2024-09-30,"Colision en x=42, y=238",(1|1)
001,1,2024-09-30,"Colision en x=41, y=228",(1|1)
001,1,2024-09-30,"Colision en x=40, y=220",(1|1)
001,1,2024-09-30,"Colision en x=39, y=214",(1|1)
001,1,2024-09-30,"Colision en x=38, y=204",(1|1)
001,1,2024-09-30,"Colision en x=37, y=196",(1|1)
001,1,2024-09-30,"Colision en x=53, y=410",(1|1)
001,1,2024-09-30,"Colision en x=52, y=402",(1|1)
001,1,2024-09-30,"Colision en x=51, y=394",(1|1)
001,1,2024-09-30,"Colision en x=50, y=388",(1|1)
001,1,2024-09-30,"Colision en x=49, y=378",(1|1)
001,1,2024-09-30,"Colision en x=48, y=372",(1|1)
001,1,2024-09-30,"Colision en x=47, y=364",(1|1)
001,1,2024-09-30,"Colision en x=46, y=354",(1|1)
001,1,2024-09-30,"Colision en x=45, y=348",(1|1)
001,1,2024-09-30,"Colision en x=44, y=342",(1|1)
001,1,2024-09-30,"Colision en x=43, y=332",(1|1)
001,1,2024-09-30,"Colision en x=42, y=322",(1|1)
001,1,2024-09-30,"Colision en x=41, y=314",(1|1)
001,1,2024-09-30,"Colision en x=40, y=308",(1|1)
001,1,2024-09-30,"Colision en x=39, y=300",(1|1)
001,1,2024-09-30,"Colision en x=38, y=290",(1|1)
001,1,2024-09-30,"Colision en x=37, y=282",(1|1)
001,1,2024-09-30,"Colision en x=59, y=124",(1|2)
001,1,2024-09-30,"Colision en x=58, y=132",(1|2)
001,1,2024-09-30,"Colision en x=57, y=140",(1|2)
001,1,2024-09-30,"Colision en x=56, y=148",(1|2)
001,1,2024-09-30,"Colision en x=55, y=156",(1|2)
001,1,2024-09-30,"Colision en x=54, y=164",(1|2)
001,1,2024-09-30,"Colision en x=53, y=172",(1|2)
001,1,2024-09-30,"Colision en x=52, y=180",(1|2)
001,1,2024-09-30,"Colision en x=51, y=188",(1|2)
001,1,2024-09-30,"Colision en x=50, y=196",(1|2)
001,1,2024-09-30,"Colision en x=49, y=204",(1|2)
001,1,2024-09-30,"Colision en x=48, y=212",(1|2)
001,1,2024-09-30,"Colision en x=47, y=220",(1|2)
001,1,2024-09-30,"Colision en x=46, y=228",(1|2)
001,1,2024-09-30,"Colision en x=45, y=236",(1|2)
001,1,2024-09-30,"Colision en x=44, y=244",(1|2)
001,1,2024-09-30,"Colision en x=43, y=252",(1|2)
001,1,2024-09-30,"Colision en x=42, y=260",(1|2)
001,1,2024-09-30,"Colision en x=71, y=448",(1|2)
001,"('1', '1')",2024-09-30,"Colision en x=68, y=161",(1|3)
001,"('1', '1')",2024-09-30,"Colision en x=67, y=151",(1|3)
001,"('1', '1')",2024-09-30,"Colision en x=66, y=141",(1|3)
001,"('1', '1')",2024-09-30,"Colision en x=65, y=131",(1|3)
001,"('1', '1')",2024-09-30,"Colision en x=64, y=121",(1|3)
001,"('1', '1')",2024-09-30,"Colision en x=63, y=111",(1|3)
001,"('1', '1')",2024-09-30,"Colision en x=62, y=101",(1|3)
001,"('1', '1')",2024-09-30,"Colision en x=61, y=91",(1|3)
001,"('1', '1')",2024-09-30,"Colision en x=60, y=81",(1|3)
001,"('1', '1')",2024-09-30,"Colision en x=59, y=71",(1|3)
001,"('1', '1')",2024-09-30,"Colision en x=58, y=61",(1|3)
001,"('1', '1')",2024-09-30,"Colision en x=57, y=51",(1|3)
001,"('1', '1')",2024-09-30,"Colision en x=56, y=41",(1|3)
001,"('1', '1')",2024-09-30,"Colision en x=68, y=88",(1|2)
001,"('1', '1')",2024-09-30,"Colision en x=67, y=78",(1|2)
001,"('1', '1')",2024-09-30,"Colision en x=66, y=68",(1|2)
001,"('1', '1')",2024-09-30,"Colision en x=65, y=58",(1|2)
001,"('1', '1')",2024-09-30,"Colision en x=64, y=48",(1|2)
001,"('1', '1')",2024-09-30,"Colision en x=63, y=38",(1|2)
001,"('1', '1')",2024-09-30,"Colision en x=62, y=32",(1|2)
001,"('1', '1')",2024-09-30,"Colision en x=61, y=40",(1|2)
001,"('1', '1')",2024-09-30,"Colision en x=60, y=48",(1|2)
001,"('1', '1')",2024-09-30,"Colision en x=59, y=56",(1|2)
001,"('1', '1')",2024-09-30,"Colision en x=58, y=64",(1|2)
001,"('1', '1')",2024-09-30,"Colision en x=57, y=72",(1|2)
001,"('1', '1')",2024-09-30,"Colision en x=56, y=80",(1|2)
001,"('1', '1')",2024-09-30,"Colision en x=55, y=88",(1|2)
001,"('1', '1')",2024-09-30,"Colision en x=54, y=96",(1|2)
001,"('1', '1')",2024-09-30,"Colision en x=53, y=104",(1|2)
001,"('1', '1')",2024-09-30,"Colision en x=52, y=112",(1|2)
001,"('1', '1')",2024-09-30,"Colision en x=51, y=120",(1|2)
001,"('1', '1')",2024-09-30,"Colision en x=50, y=128",(1|2)
001,"('1', '1')",2024-09-30,"Colision en x=49, y=136",(1|2)
001,"('1', '1')",2024-09-30,"Colision en x=48, y=144",(1|2)
001,"('1', '1')",2024-09-30,"Colision en x=47, y=152",(1|2)
001,"('1', '1')",2024-09-30,"Colision en x=46, y=160",(1|2)
001,"('1', '1')",2024-09-30,"Colision en x=45, y=168",(1|2)
001,"('1', '1')",2024-09-30,"Colision en x=44, y=176",(1|2)
001,"('1', '1')",2024-09-30,"Colision en x=43, y=184",(1|2)
001,"('1', '1')",2024-09-30,"Colision en x=42, y=192",(1|2)
001,"('1', '1')",2024-09-30,"Colision en x=41, y=200",(1|2)
001,"('1', '1')",2024-09-30,"Colision en x=71, y=420",(1|2)
001,"('1', '1')",2024-09-30,"Colision en x=71, y=420",(2|3)
001,"('1', '1')",2024-09-30,"Colision en x=71, y=420",(2|3)
001,"('1', '1')",2024-09-30,"Colision en x=71, y=420",(2|3)
001,"('1', '1')",2024-09-30,"Colision en x=54, y=504",(1|2)
001,"('1', '1')",2024-09-30,"Colision en x=53, y=494",(1|2)
001,"('1', '1')",2024-09-30,"Colision en x=52, y=484",(1|2)
001,"('1', '1')",2024-09-30,"Colision en x=51, y=474",(1|2)
001,"('1', '1')",2024-09-30,"Colision en x=50, y=464",(1|2)
001,"('1', '1')",2024-09-30,"Colision en x=49, y=454",(1|2)
001,"('1', '1')",2024-09-30,"Colision en x=48, y=444",(1|2)
001,"('1', '1')",2024-09-30,"Colision en x=47, y=434",(1|2)
001,"('1', '1')",2024-09-30,"Colision en x=46, y=424",(1|2)
001,"('1', '1')",2024-09-30,"Colision en x=45, y=414",(1|2)
001,"('1', '1')",2024-09-30,"Colision en x=48, y=399",(1|2)
001,"('1', '1')",2024-09-30,"Colision en x=47, y=389",(1|2)
001,"('1', '1')",2024-09-30,"Colision en x=46, y=379",(1|2)
001,"('1', '1')",2024-09-30,"Colision en x=45, y=369",(1|2)
001,"('1', '1')",2024-09-30,"Colision en x=44, y=359",(1|2)
001,"('1', '1')",2024-09-30,"Colision en x=43, y=349",(1|2)
001,"('1', '1')",2024-09-30,"Colision en x=42, y=339",(1|2)
001,"('1', '1')",2024-09-30,"Colision en x=41, y=329",(1|2)
001,"('1', '1')",2024-09-30,"Colision en x=40, y=319",(1|2)
001,"('1', '1')",2024-09-30,"Colision en x=62, y=269",(1|2)
001,"('1', '1')",2024-09-30,"Colision en x=61, y=259",(1|2)
001,"('1', '1')",2024-09-30,"Colision en x=60, y=249",(1|2)
001,"('1', '1')",2024-09-30,"Colision en x=59, y=239",(1|2)
001,"('1', '1')",2024-09-30,"Colision en x=58, y=229",(1|2)
001,"('1', '1')",2024-09-30,"Colision en x=57, y=219",(1|2)
001,"('1', '1')",2024-09-30,"Colision en x=56, y=209",(1|2)
001,"('1', '1')",2024-09-30,"Colision en x=55, y=199",(1|2)
001,"('1', '1')",2024-09-30,"Colision en x=54, y=189",(1|2)
001,"('1', '1')",2024-09-30,"Colision en x=53, y=179",(1|2)
001,"('1', '1')",2024-09-30,"Colision en x=52, y=169",(1|2)
001,"('1', '1')",2024-09-30,"Colision en x=51, y=159",(1|2)
001,"('1', '1')",2024-09-30,"Colision en x=50, y=149",(1|2)
001,"('1', '1')",2024-09-30,"Colision en x=49, y=139",(1|2)
001,"('1', '1')",2024-09-30,"Colision en x=48, y=129",(1|2)
001,"('1', '1')",2024-09-30,"Colision en x=47, y=119",(1|2)
001,"('1', '1')",2024-09-30,"Colision en x=46, y=109",(1|2)
001,"('1', '1')",2024-09-30,"Colision en x=45, y=99",(1|2)
001,"('1', '1')",2024-09-30,"Colision en x=44, y=89",(1|2)
001,"('1', '1')",2024-09-30,"Colision en x=43, y=79",(1|2)
001,"('1', '1')",2024-09-30,"Colision en x=42, y=69",(1|2)
001,"('1', '1')",2024-09-30,"Colision en x=41, y=59",(1|2)
001,"('1', '1')",2024-09-30,"Colision en x=43, y=60",(1|2)
001,"('1', '1')",2024-09-30,"Colision en x=42, y=68",(1|2)
001,"('1', '1')",2024-09-30,"Colision en x=41, y=76",(1|2)
001,"('1', '1')",2024-09-30,"Colision en x=40, y=84",(1|2)
001,"('1', '1')",2024-09-30,"Colision en x=39, y=92",(1|2)
001,"('1', '1')",2024-09-30,"Colision en x=38, y=100",(1|2)
001,2,2024-09-30,"Colision en x=64, y=328",(1|2)
001,2,2024-09-30,"Colision en x=64, y=328",(2|1)
001,2,2024-09-30,"Colision en x=64, y=328",(2|3)
001,2,2024-09-30,"Colision en x=65, y=21",(1|1)
001,2,2024-09-30,"Colision en x=64, y=20",(1|1)
001,2,2024-09-30,"Colision en x=63, y=19",(1|1)
001,2,2024-09-30,"Colision en x=62, y=18",(1|1)
001,2,2024-09-30,"Colision en x=61, y=17",(1|1)
001,2,2024-09-30,"Colision en x=60, y=16",(1|1)
001,2,2024-09-30,"Colision en x=59, y=15",(1|1)
001,2,2024-09-30,"Colision en x=58, y=14",(1|1)
001,2,2024-09-30,"Colision en x=57, y=13",(1|1)
001,2,2024-09-30,"Colision en x=56, y=12",(1|1)
001,2,2024-09-30,"Colision en x=55, y=11",(1|1)
001,2,2024-09-30,"Colision en x=54, y=10",(1|1)
001,2,2024-09-30,"Colision en x=53, y=9",(1|1)
001,2,2024-09-30,"Colision en x=52, y=8",(1|1)
001,2,2024-09-30,"Colision en x=51, y=7",(1|1)
001,2,2024-09-30,"Colision en x=50, y=6",(1|1)
001,2,2024-09-30,"Colision en x=49, y=5",(1|1)
001,2,2024-09-30,"Colision en x=48, y=4",(1|1)
001,2,2024-09-30,"Colision en x=47, y=3",(1|1)
001,2,2024-09-30,"Colision en x=46, y=2",(1|1)
001,2,2024-09-30,"Colision en x=45, y=2",(1|1)
001,2,2024-09-30,"Colision en x=44, y=1",(1|1)
001,2,2024-09-30,"Colision en x=43, y=1",(1|1)
001,2,2024-09-30,"Colision en x=42, y=1",(1|1)
001,2,2024-09-30,"Colision en x=41, y=1",(1|1)
001,2,2024-09-30,"Colision en x=40, y=1",(1|1)
001,2,2024-09-30,"Colision en x=39, y=1",(1|1)
001,2,2024-09-30,"Colision en x=38, y=1",(1|1)
001,2,2024-09-30,"Colision en x=37, y=1",(1|1)
001,2,2024-09-30,"Colision en x=36, y=1",(1|1)
001,2,2024-09-30,"Colision en x=35, y=1",(1|1)
001,2,2024-09-30,"Colision en x=34, y=1",(1|1)
001,2,2024-09-30,"Colision en x=68, y=220",(1|2)
001,2,2024-09-30,"Colision en x=61, y=2",(1|3)
001,2,2024-09-30,"Colision en x=60, y=2",(1|3)
001,2,2024-09-30,"Colision en x=59, y=2",(1|3)
001,2,2024-09-30,"Colision en x=58, y=2",(1|3)
001,2,2024-09-30,"Colision en x=57, y=2",(1|3)
001,2,2024-09-30,"Colision en x=56, y=2",(1|3)
001,2,2024-09-30,"Colision en x=55, y=2",(1|3)
001,2,2024-09-30,"Colision en x=54, y=2",(1|3)
001,2,2024-09-30,"Colision en x=53, y=2",(1|3)
001,2,2024-09-30,"Colision en x=52, y=2",(1|3)
001,2,2024-09-30,"Colision en x=51, y=2",(1|3)
001,2,2024-09-30,"Colision en x=50, y=2",(1|3)
001,2,2024-09-30,"Colision en x=49, y=2",(1|3)
001,2,2024-09-30,"Colision en x=48, y=2",(1|3)
001,2,2024-09-30,"Colision en x=48, y=2",(2|3)
001,2,2024-09-30,"Colision en x=48, y=2",(2|1)
001,2,2024-09-30,"Colision en x=67, y=125",(1|3)
001,2,2024-09-30,"Colision en x=66, y=133",(1|3)
001,2,2024-09-30,"Colision en x=65, y=141",(1|3)
001,2,2024-09-30,"Colision en x=64, y=149",(1|3)
001,2,2024-09-30,"Colision en x=63, y=159",(1|3)
001,2,2024-09-30,"Colision en x=62, y=167",(1|3)
001,2,2024-09-30,"Colision en x=61, y=175",(1|3)
001,2,2024-09-30,"Colision en x=60, y=183",(1|3)
001,2,2024-09-30,"Colision en x=59, y=191",(1|3)
001,2,2024-09-30,"Colision en x=43, y=211",(1|3)
001,2,2024-09-30,"Colision en x=42, y=219",(1|3)
001,2,2024-09-30,"Colision en x=41, y=227",(1|3)
001,2,2024-09-30,"Colision en x=40, y=235",(1|3)
001,2,2024-09-30,"Colision en x=39, y=243",(1|3)
001,2,2024-09-30,"Colision en x=38, y=251",(1|3)
001,2,2024-09-30,"Colision en x=37, y=259",(1|3)
001,2,2024-09-30,"Colision en x=69, y=0",(1|2)
001,2,2024-09-30,"Colision en x=66, y=415",(1|3)
001,2,2024-09-30,"Colision en x=65, y=405",(1|3)
001,2,2024-09-30,"Colision en x=64, y=395",(1|3)
001,2,2024-09-30,"Colision en x=63, y=385",(1|3)
001,2,2024-09-30,"Colision en x=62, y=375",(1|3)
001,2,2024-09-30,"Colision en x=61, y=365",(1|3)
001,2,2024-09-30,"Colision en x=60, y=355",(1|3)
001,2,2024-09-30,"Colision en x=59, y=345",(1|3)
001,2,2024-09-30,"Colision en x=58, y=335",(1|3)
001,2,2024-09-30,"Colision en x=57, y=325",(1|3)
001,2,2024-09-30,"Colision en x=56, y=315",(1|3)
001,"('2', '2')",2024-09-30,"Colision en x=63, y=401",(1|1)
001,"('2', '2')",2024-09-30,"Colision en x=63, y=401",(2|3)
001,2,2024-09-30,"Colision en x=68, y=124",(1|3)
001,1,2024-09-30,"Colision en x=72, y=128",(1|2)
001,1,2024-09-30,"Colision en x=72, y=128",(2|3)
001,1,2024-09-30,"Colision en x=71, y=420",(1|3)
001,1,2024-09-30,"Colision en x=65, y=432",(1|1)
001,2,2024-09-30,"Colision en x=0, y=0",(2|3)
001,2,2024-09-30,"Colision en x=0, y=0",(2|1)
001,2,2024-09-30,"Colision en x=0, y=0",(2|2)
001,1,2024-09-30,"Colision en x=0, y=0",(2|3)
001,1,2024-09-30,"Colision en x=0, y=0",(2|3)
001,1,2024-09-30,"Colision en x=46, y=395",(1|2)
001,1,2024-09-30,"Colision en x=45, y=385",(1|2)
001,1,2024-09-30,"Colision en x=44, y=375",(1|2)
001,1,2024-09-30,"Colision en x=43, y=365",(1|2)
001,1,2024-09-30,"Colision en x=42, y=355",(1|2)
001,1,2024-09-30,"Colision en x=71, y=420",(1|2)
001,1,2024-09-30,"Colision en x=54, y=178",(1|3)
001,1,2024-09-30,"Colision en x=53, y=168",(1|3)
001,1,2024-09-30,"Colision en x=52, y=158",(1|3)
001,1,2024-09-30,"Colision en x=51, y=148",(1|3)
001,1,2024-09-30,"Colision en x=50, y=138",(1|3)
001,1,2024-09-30,"Colision en x=49, y=128",(1|3)
001,1,2024-09-30,"Colision en x=48, y=118",(1|3)
001,1,2024-09-30,"Colision en x=47, y=108",(1|3)
001,1,2024-09-30,"Colision en x=46, y=98",(1|3)
001,1,2024-09-30,"Colision en x=45, y=88",(1|3)
001,1,2024-09-30,"Colision en x=44, y=78",(1|3)
001,1,2024-09-30,"Colision en x=43, y=68",(1|3)
001,1,2024-09-30,"Colision en x=42, y=58",(1|3)
001,1,2024-09-30,"Colision en x=41, y=48",(1|3)
001,1,2024-09-30,"Colision en x=40, y=38",(1|3)
001,1,2024-09-30,"Colision en x=39, y=32",(1|3)
001,1,2024-09-30,"Colision en x=38, y=40",(1|3)
001,1,2024-09-30,"Colision en x=37, y=48",(1|3)
001,1,2024-09-30,"Colision en x=36, y=56",(1|3)
001,1,2024-09-30,"Colision en x=71, y=282",(1|3)
001,1,2024-09-30,"Colision en x=71, y=282",(2|2)
001,1,2024-09-30,"Colision en x=71, y=420",(1|3)
001,1,2024-09-30,"Colision en x=70, y=373",(1|2)
001,1,2024-09-30,"Colision en x=62, y=357",(1|2)
001,1,2024-09-30,"Colision en x=61, y=347",(1|2)
001,1,2024-09-30,"Colision en x=60, y=337",(1|2)
001,1,2024-09-30,"Colision en x=59, y=327",(1|2)
001,1,2024-09-30,"Colision en x=59, y=327",(2|3)
001,1,2024-09-30,"Colision en x=59, y=327",(2|3)
001,1,2024-09-30,"Colision en x=59, y=327",(2|3)
001,1,2024-09-30,"Colision en x=59, y=327",(2|3)
001,1,2024-09-30,"Colision en x=59, y=327",(2|3)
001,1,2024-09-30,"Colision en x=59, y=327",(2|3)
001,1,2024-09-30,"Colision en x=70, y=458",(1|1)
001,1,2024-09-30,"Colision en x=70, y=458",(2|3)
001,1,2024-09-30,"Colision en x=69, y=466",(1|1)
001,1,2024-09-30,"Colision en x=69, y=466",(2|3)
001,1,2024-09-30,"Colision en x=68, y=472",(1|1)
001,1,2024-09-30,"Colision en x=68, y=472",(2|3)
001,1,2024-09-30,"Colision en x=67, y=478",(1|1)
001,1,2024-09-30,"Colision en x=67, y=478",(2|3)
001,1,2024-09-30,"Colision en x=66, y=486",(1|1)
001,1,2024-09-30,"Colision en x=66, y=486",(2|3)
001,1,2024-09-30,"Colision en x=65, y=492",(1|1)
001,1,2024-09-30,"Colision en x=65, y=492",(2|3)
001,1,2024-09-30,"Colision en x=65, y=492",(2|3)
001,1,2024-09-30,"Colision en x=65, y=492",(2|3)
001,1,2024-09-30,"Colision en x=65, y=492",(2|3)
001,1,2024-09-30,"Colision en x=65, y=492",(2|3)
001,1,2024-09-30,"Colision en x=65, y=492",(2|3)
001,1,2024-09-30,"Colision en x=65, y=492",(2|3)
001,1,2024-09-30,"Colision en x=65, y=492",(2|3)
001,1,2024-09-30,"Colision en x=65, y=492",(2|3)
001,1,2024-09-30,"Colision en x=65, y=492",(2|3)
001,1,2024-09-30,"Colision en x=65, y=492",(2|3)
001,1,2024-09-30,"Colision en x=65, y=492",(2|3)
001,1,2024-09-30,"Colision en x=70, y=512",(1|1)
001,1,2024-09-30,"Colision en x=69, y=379",(1|3)
001,1,2024-09-30,"Colision en x=69, y=379",(2|1)
001,1,2024-09-30,"Colision en x=69, y=379",(2|3)
001,1,2024-09-30,"Colision en x=69, y=451",(1|1)
001,1,2024-09-30,"Colision en x=68, y=441",(1|1)
001,1,2024-09-30,"Colision en x=67, y=431",(1|1)
001,1,2024-09-30,"Colision en x=66, y=423",(1|1)
001,1,2024-09-30,"Colision en x=65, y=415",(1|1)
001,1,2024-09-30,"Colision en x=64, y=407",(1|1)
001,1,2024-09-30,"Colision en x=63, y=397",(1|1)
001,1,2024-09-30,"Colision en x=71, y=420",(1|2)
001,1,2024-09-30,"Colision en x=71, y=420",(1|3)
001,1,2024-09-30,"Colision en x=71, y=420",(2|1)
001,2,2024-09-30,"Colision en x=68, y=538",(1|2)
001,2,2024-09-30,"Colision en x=67, y=546",(1|2)
001,2,2024-09-30,"Colision en x=66, y=554",(1|2)
001,2,2024-09-30,"Colision en x=65, y=562",(1|2)
001,2,2024-09-30,"Colision en x=64, y=570",(1|2)
001,2,2024-09-30,"Colision en x=63, y=565",(1|2)
001,2,2024-09-30,"Colision en x=62, y=555",(1|2)
001,2,2024-09-30,"Colision en x=61, y=545",(1|2)
001,2,2024-09-30,"Colision en x=60, y=535",(1|2)
001,2,2024-09-30,"Colision en x=59, y=525",(1|2)
001,2,2024-09-30,"Colision en x=58, y=515",(1|2)
001,2,2024-09-30,"Colision en x=57, y=505",(1|2)
001,2,2024-09-30,"Colision en x=56, y=495",(1|2)
001,2,2024-09-30,"Colision en x=55, y=485",(1|2)
001,2,2024-09-30,"Colision en x=54, y=475",(1|2)
001,2,2024-09-30,"Colision en x=53, y=465",(1|2)
001,2,2024-09-30,"Colision en x=52, y=455",(1|2)
001,2,2024-09-30,"Colision en x=51, y=445",(1|2)
001,2,2024-09-30,"Colision en x=50, y=435",(1|2)
001,2,2024-09-30,"Colision en x=49, y=425",(1|2)
001,2,2024-09-30,"Colision en x=49, y=425",(2|1)
001,2,2024-09-30,"Colision en x=49, y=425",(2|1)
001,2,2024-09-30,"Colision en x=49, y=425",(2|1)
001,2,2024-09-30,"Colision en x=70, y=2",(1|3)
001,2,2024-09-30,"Colision en x=70, y=2",(2|2)
001,1,2024-09-30,"Colision en x=64, y=304",(1|2)
001,1,2024-09-30,"Colision en x=63, y=294",(1|2)
001,1,2024-09-30,"Colision en x=62, y=284",(1|2)
001,1,2024-09-30,"Colision en x=61, y=274",(1|2)
001,1,2024-09-30,"Colision en x=60, y=264",(1|2)
001,1,2024-09-30,"Colision en x=59, y=254",(1|2)
001,1,2024-09-30,"Colision en x=58, y=244",(1|2)
001,1,2024-09-30,"Colision en x=57, y=234",(1|2)
001,1,2024-09-30,"Colision en x=56, y=224",(1|2)
001,1,2024-09-30,"Colision en x=55, y=214",(1|2)
001,1,2024-09-30,"Colision en x=54, y=204",(1|2)
001,1,2024-09-30,"Colision en x=53, y=194",(1|2)
001,1,2024-09-30,"Colision en x=52, y=184",(1|2)
001,1,2024-09-30,"Colision en x=52, y=184",(2|3)
001,1,2024-09-30,"Colision en x=51, y=174",(1|2)
001,1,2024-09-30,"Colision en x=50, y=164",(1|2)
001,1,2024-09-30,"Colision en x=49, y=154",(1|2)
001,1,2024-09-30,"Colision en x=48, y=144",(1|2)
001,1,2024-09-30,"Colision en x=47, y=134",(1|2)
001,1,2024-09-30,"Colision en x=46, y=124",(1|2)
001,1,2024-09-30,"Colision en x=45, y=114",(1|2)
001,1,2024-09-30,"Colision en x=44, y=104",(1|2)
001,1,2024-09-30,"Colision en x=43, y=94",(1|2)
001,1,2024-09-30,"Colision en x=42, y=84",(1|2)
001,1,2024-09-30,"Colision en x=41, y=74",(1|2)
001,1,2024-09-30,"Colision en x=40, y=64",(1|2)
001,1,2024-09-30,"Colision en x=39, y=54",(1|2)
001,1,2024-09-30,"Colision en x=38, y=44",(1|2)
001,1,2024-09-30,"Colision en x=37, y=34",(1|2)
001,1,2024-09-30,"Colision en x=36, y=28",(1|2)
001,1,2024-09-30,"Colision en x=35, y=27",(1|2)
001,1,2024-09-30,"Colision en x=34, y=26",(1|2)
001,1,2024-09-30,"Colision en x=34, y=26",(2|1)
001,1,2024-09-30,"Colision en x=71, y=420",(1|2)
001,1,2024-09-30,"Colision en x=70, y=393",(1|3)
001,1,2024-09-30,"Colision en x=67, y=15",(1|1)
001,1,2024-09-30,"Colision en x=66, y=14",(1|1)
001,1,2024-09-30,"Colision en x=65, y=13",(1|1)
001,1,2024-09-30,"Colision en x=64, y=12",(1|1)
001,1,2024-09-30,"Colision en x=63, y=11",(1|1)
001,1,2024-09-30,"Colision en x=62, y=10",(1|1)
001,1,2024-09-30,"Colision en x=61, y=9",(1|1)
001,1,2024-09-30,"Colision en x=60, y=8",(1|1)
001,1,2024-09-30,"Colision en x=59, y=7",(1|1)
001,1,2024-09-30,"Colision en x=53, y=1",(1|1)
001,1,2024-09-30,"Colision en x=52, y=1",(1|1)
001,1,2024-09-30,"Colision en x=51, y=1",(1|1)
001,1,2024-09-30,"Colision en x=50, y=1",(1|1)
001,1,2024-09-30,"Colision en x=49, y=1",(1|1)
001,1,2024-09-30,"Colision en x=48, y=1",(1|1)
001,1,2024-09-30,"Colision en x=47, y=1",(1|1)
001,1,2024-09-30,"Colision en x=46, y=1",(1|1)
001,1,2024-09-30,"Colision en x=45, y=1",(1|1)
001,1,2024-09-30,"Colision en x=44, y=1",(1|1)
001,1,2024-09-30,"Colision en x=43, y=1",(1|1)
001,1,2024-09-30,"Colision en x=42, y=1",(1|1)
001,1,2024-09-30,"Colision en x=41, y=1",(1|1)
001,1,2024-09-30,"Colision en x=40, y=1",(1|1)
001,1,2024-09-30,"Colision en x=39, y=1",(1|1)
001,1,2024-09-30,"Colision en x=38, y=1",(1|1)
001,1,2024-09-30,"Colision en x=37, y=1",(1|1)
001,1,2024-09-30,"Colision en x=36, y=1",(1|1)
001,1,2024-09-30,"Colision en x=35, y=1",(1|1)
001,1,2024-09-30,"Colision en x=34, y=1",(1|1)
001,1,2024-09-30,"Colision en x=33, y=1",(1|1)
001,1,2024-09-30,"Colision en x=32, y=1",(1|1)
001,1,2024-09-30,"Colision en x=31, y=1",(1|1)
001,1,2024-09-30,"Colision en x=30, y=1",(1|1)
001,1,2024-09-30,"Colision en x=72, y=2",(1|2)
001,1,2024-09-30,"Colision en x=72, y=2",(2|3)
001,1,2024-09-30,"Colision en x=72, y=2",(2|3)
001,1,2024-09-30,"Colision en x=72, y=2",(2|3)
001,1,2024-09-30,"Colision en x=72, y=2",(2|3)
001,1,2024-09-30,"Colision en x=72, y=2",(2|3)
001,1,2024-09-30,"Colision en x=72, y=2",(2|3)
001,1,2024-09-30,"Colision en x=72, y=2",(2|3)
001,1,2024-09-30,"Colision en x=72, y=2",(2|3)
001,1,2024-09-30,"Colision en x=72, y=2",(2|3)
002,3,2024-09-30,"Colision en x=0, y=0",(2|1)
002,3,2024-09-30,"Colision en x=0, y=0",(2|1)
002,3,2024-09-30,"Colision en x=0, y=0",(2|1)
002,3,2024-09-30,"Colision en x=67, y=1",(1|1)
002,3,2024-09-30,"Colision en x=66, y=1",(1|1)
002,3,2024-09-30,"Colision en x=65, y=1",(1|1)
002,3,2024-09-30,"Colision en x=64, y=1",(1|1)
002,3,2024-09-30,"Colision en x=63, y=1",(1|1)
002,3,2024-09-30,"Colision en x=62, y=1",(1|1)
002,3,2024-09-30,"Colision en x=61, y=1",(1|1)
002,3,2024-09-30,"Colision en x=60, y=1",(1|1)
002,3,2024-09-30,"Colision en x=59, y=1",(1|1)
002,3,2024-09-30,"Colision en x=58, y=1",(1|1)
002,3,2024-09-30,"Colision en x=57, y=1",(1|1)
002,3,2024-09-30,"Colision en x=56, y=1",(1|1)
002,3,2024-09-30,"Colision en x=55, y=1",(1|1)
002,3,2024-09-30,"Colision en x=54, y=1",(1|1)
002,3,2024-09-30,"Colision en x=53, y=1",(1|1)
002,3,2024-09-30,"Colision en x=52, y=1",(1|1)
002,3,2024-09-30,"Colision en x=51, y=1",(1|1)
002,3,2024-09-30,"Colision en x=50, y=1",(1|1)
002,3,2024-09-30,"Colision en x=49, y=1",(1|1)
002,3,2024-09-30,"Colision en x=48, y=1",(1|1)
002,3,2024-09-30,"Colision en x=72, y=475",(1|1)
002,3,2024-09-30,"Colision en x=72, y=475",(2|2)
002,3,2024-09-30,"Colision en x=67, y=1",(1|1)
002,3,2024-09-30,"Colision en x=71, y=97",(1|2)
002,3,2024-09-30,"Colision en x=71, y=420",(1|3)
002,3,2024-09-30,"Colision en x=71, y=420",(2|1)
002,3,2024-09-30,"Colision en x=71, y=420",(2|1)
002,3,2024-09-30,"Colision en x=71, y=420",(2|1)
002,3,2024-09-30,"Colision en x=71, y=420",(2|1)
002,3,2024-09-30,"Colision en x=71, y=420",(2|1)
002,3,2024-09-30,"Colision en x=71, y=420",(2|1)
002,3,2024-09-30,"Colision en x=71, y=420",(2|1)
002,3,2024-09-30,"Colision en x=71, y=420",(2|1)
002,3,2024-09-30,"Colision en x=66, y=2",(1|2)
002,3,2024-09-30,"Colision en x=65, y=2",(1|2)
002,3,2024-09-30,"Colision en x=64, y=2",(1|2)
002,3,2024-09-30,"Colision en x=63, y=2",(1|2)
002,3,2024-09-30,"Colision en x=62, y=2",(1|2)
002,3,2024-09-30,"Colision en x=61, y=2",(1|2)
002,3,2024-09-30,"Colision en x=60, y=2",(1|2)
002,3,2024-09-30,"Colision en x=59, y=2",(1|2)
002,3,2024-09-30,"Colision en x=58, y=2",(1|2)
002,3,2024-09-30,"Colision en x=57, y=2",(1|2)
002,3,2024-09-30,"Colision en x=56, y=2",(1|2)
002,3,2024-09-30,"Colision en x=55, y=2",(1|2)
002,3,2024-09-30,"Colision en x=54, y=2",(1|2)
002,3,2024-09-30,"Colision en x=53, y=2",(1|2)
002,3,2024-09-30,"Colision en x=52, y=2",(1|2)
002,3,2024-09-30,"Colision en x=51, y=2",(1|2)
002,3,2024-09-30,"Colision en x=50, y=2",(1|2)
002,3,2024-09-30,"Colision en x=49, y=2",(1|2)
002,3,2024-09-30,"Colision en x=48, y=2",(1|2)
002,3,2024-09-30,"Colision en x=47, y=2",(1|2)
002,3,2024-09-30,"Colision en x=46, y=2",(1|2)
002,3,2024-09-30,"Colision en x=45, y=2",(1|2)
002,3,2024-09-30,"Colision en x=44, y=2",(1|2)
002,3,2024-09-30,"Colision en x=43, y=2",(1|2)
002,3,2024-09-30,"Colision en x=42, y=2",(1|2)
002,3,2024-09-30,"Colision en x=41, y=2",(1|2)
002,3,2024-09-30,"Colision en x=40, y=2",(1|2)
002,3,2024-09-30,"Colision en x=39, y=2",(1|2)
002,3,2024-09-30,"Colision en x=38, y=2",(1|2)
002,3,2024-09-30,"Colision en x=34, y=2",(1|2)
002,3,2024-09-30,"Colision en x=33, y=2",(1|2)
002,3,2024-09-30,"Colision en x=71, y=420",(1|2)
002,3,2024-09-30,"Colision en x=49, y=0",(1|1)
002,3,2024-09-30,"Colision en x=48, y=0",(1|1)
002,3,2024-09-30,"Colision en x=47, y=0",(1|1)
002,3,2024-09-30,"Colision en x=46, y=0",(1|1)
002,3,2024-09-30,"Colision en x=45, y=0",(1|1)
002,3,2024-09-30,"Colision en x=44, y=0",(1|1)
002,3,2024-09-30,"Colision en x=43, y=0",(1|1)
002,3,2024-09-30,"Colision en x=42, y=0",(1|1)
002,3,2024-09-30,"Colision en x=41, y=0",(1|1)
002,3,2024-09-30,"Colision en x=40, y=0",(1|1)
002,3,2024-09-30,"Colision en x=39, y=0",(1|1)
002,3,2024-09-30,"Colision en x=38, y=0",(1|1)
002,3,2024-09-30,"Colision en x=37, y=0",(1|1)
002,3,2024-09-30,"Colision en x=36, y=0",(1|1)
002,3,2024-09-30,"Colision en x=35, y=0",(1|1)
002,3,2024-09-30,"Colision en x=34, y=0",(1|1)
002,3,2024-09-30,"Colision en x=33, y=0",(1|1)
002,3,2024-09-30,"Colision en x=71, y=1",(1|1)
002,3,2024-09-30,"Colision en x=71, y=1",(1|1)
002,3,2024-09-30,"Colision en x=64, y=514",(1|3)
002,3,2024-09-30,"Colision en x=72, y=440",(1|1)
002,3,2024-09-30,"Colision en x=72, y=440",(2|3)
002,3,2024-09-30,"Colision en x=71, y=2",(1|2)
002,3,2024-09-30,"Colision en x=69, y=2",(1|2)
002,3,2024-09-30,"Colision en x=69, y=2",(2|1)
002,3,2024-09-30,"Colision en x=71, y=2",(1|2)
002,3,2024-09-30,"Colision en x=71, y=2",(2|1)
003,4,2024-09-30,"Colision en x=48, y=532",(1|2)
003,4,2024-09-30,"Colision en x=47, y=540",(1|2)
003,4,2024-09-30,"Colision en x=46, y=548",(1|2)
003,4,2024-09-30,"Colision en x=45, y=556",(1|2)
003,4,2024-09-30,"Colision en x=44, y=564",(1|2)
003,4,2024-09-30,"Colision en x=43, y=568",(1|2)
003,4,2024-09-30,"Colision en x=42, y=558",(1|2)
003,4,2024-09-30,"Colision en x=41, y=548",(1|2)
003,4,2024-09-30,"Colision en x=40, y=538",(1|2)
003,4,2024-09-30,"Colision en x=39, y=528",(1|2)
003,4,2024-09-30,"Colision en x=38, y=518",(1|2)
003,4,2024-09-30,"Colision en x=37, y=508",(1|2)
003,4,2024-09-30,"Colision en x=36, y=498",(1|2)
003,5,2024-10-01,"Colision en x=69, y=365",(1|2)
003,5,2024-10-01,"Colision en x=70, y=566",(1|3)
003,5,2024-10-01,"Colision en x=69, y=556",(1|3)
003,5,2024-10-01,"Colision en x=69, y=552",(1|3)
003,5,2024-10-01,"Colision en x=69, y=479",(1|1)
003,5,2024-10-01,"Colision en x=68, y=560",(1|3)
003,5,2024-10-01,"Colision en x=67, y=568",(1|3)
003,5,2024-10-01,"Colision en x=66, y=381",(1|1)
003,5,2024-10-01,"Colision en x=64, y=415",(1|3)
003,5,2024-10-01,"Colision en x=63, y=405",(1|3)
003,5,2024-10-01,"Colision en x=62, y=395",(1|3)
003,5,2024-10-01,"Colision en x=61, y=385",(1|3)
003,5,2024-10-01,"Colision en x=60, y=375",(1|3)
003,5,2024-10-01,"Colision en x=59, y=365",(1|3)
003,5,2024-10-01,"Colision en x=58, y=355",(1|3)
003,5,2024-10-01,"Colision en x=57, y=345",(1|3)
003,5,2024-10-01,"Colision en x=56, y=335",(1|3)
003,5,2024-10-01,"Colision en x=55, y=325",(1|3)
003,5,2024-10-01,"Colision en x=54, y=315",(1|3)
003,5,2024-10-01,"Colision en x=54, y=311",(1|3)
003,5,2024-10-01,"Colision en x=53, y=319",(1|3)
003,5,2024-10-01,"Colision en x=52, y=327",(1|3)
003,5,2024-10-01,"Colision en x=63, y=228",(1|1)
003,5,2024-10-01,"Colision en x=62, y=222",(1|1)
003,5,2024-10-01,"Colision en x=61, y=214",(1|1)
003,5,2024-10-01,"Colision en x=60, y=206",(1|1)
003,5,2024-10-01,"Colision en x=59, y=196",(1|1)
003,5,2024-10-01,"Colision en x=58, y=186",(1|1)
003,5,2024-10-01,"Colision en x=57, y=176",(1|1)
003,5,2024-10-01,"Colision en x=56, y=170",(1|1)
003,5,2024-10-01,"Colision en x=55, y=160",(1|1)
003,5,2024-10-01,"Colision en x=66, y=415",(1|3)
003,5,2024-10-01,"Colision en x=66, y=415",(2|2)
003,5,2024-10-01,"Colision en x=66, y=415",(2|1)
003,5,2024-10-01,"Colision en x=71, y=136",(1|2)
003,5,2024-10-01,"Colision en x=70, y=490",(1|3)
003,5,2024-10-01,"Colision en x=69, y=480",(1|3)
003,5,2024-10-01,"Colision en x=68, y=470",(1|3)
003,5,2024-10-01,"Colision en x=67, y=460",(1|3)
003,5,2024-10-01,"Colision en x=66, y=450",(1|3)
003,5,2024-10-01,"Colision en x=65, y=440",(1|3)
003,5,2024-10-01,"Colision en x=64, y=430",(1|3)
003,5,2024-10-01,"Colision en x=63, y=420",(1|3)
003,5,2024-10-01,"Colision en x=65, y=1",(1|1)
003,5,2024-10-01,"Colision en x=65, y=1",(2|2)
003,5,2024-10-01,"Colision en x=70, y=113",(1|2)
003,5,2024-10-01,"Colision en x=70, y=113",(2|3)
003,5,2024-10-01,"Colision en x=48, y=141",(1|2)
003,5,2024-10-01,"Colision en x=47, y=131",(1|2)
003,5,2024-10-01,"Colision en x=46, y=121",(1|2)
003,5,2024-10-01,"Colision en x=45, y=111",(1|2)
003,5,2024-10-01,"Colision en x=44, y=101",(1|2)
003,5,2024-10-01,"Colision en x=43, y=91",(1|2)
003,5,2024-10-01,"Colision en x=42, y=81",(1|2)
003,5,2024-10-01,"Colision en x=41, y=71",(1|2)
003,5,2024-10-01,"Colision en x=40, y=61",(1|2)
003,5,2024-10-01,"Colision en x=39, y=51",(1|2)
003,5,2024-10-01,"Colision en x=38, y=41",(1|2)
003,5,2024-10-01,"Colision en x=37, y=31",(1|2)
003,5,2024-10-01,"Colision en x=36, y=34",(1|2)
003,5,2024-10-01,"Colision en x=36, y=34",(2|3)
003,5,2024-10-01,"Colision en x=63, y=453",(1|1)
003,5,2024-10-01,"Colision en x=63, y=453",(2|3)
003,5,2024-10-01,"Colision en x=62, y=447",(1|1)
003,5,2024-10-01,"Colision en x=62, y=447",(2|3)
003,5,2024-10-01,"Colision en x=61, y=441",(1|1)
003,5,2024-10-01,"Colision en x=61, y=441",(2|3)
003,5,2024-10-01,"Colision en x=60, y=435",(1|1)
003,5,2024-10-01,"Colision en x=60, y=435",(2|3)
003,5,2024-10-01,"Colision en x=59, y=425",(1|1)
003,5,2024-10-01,"Colision en x=59, y=425",(2|3)
003,5,2024-10-01,"Colision en x=58, y=415",(1|1)
003,5,2024-10-01,"Colision en x=57, y=405",(1|1)
003,5,2024-10-01,"Colision en x=56, y=397",(1|1)
003,5,2024-10-01,"Colision en x=55, y=387",(1|1)
003,5,2024-10-01,"Colision en x=54, y=377",(1|1)
003,5,2024-10-01,"Colision en x=53, y=367",(1|1)
003,5,2024-10-01,"Colision en x=52, y=357",(1|1)
003,5,2024-10-01,"Colision en x=51, y=347",(1|1)
003,5,2024-10-01,"Colision en x=50, y=341",(1|1)
003,5,2024-10-01,"Colision en x=49, y=333",(1|1)
003,5,2024-10-01,"Colision en x=48, y=323",(1|1)
003,5,2024-10-01,"Colision en x=47, y=315",(1|1)
003,5,2024-10-01,"Colision en x=46, y=305",(1|1)
003,5,2024-10-01,"Colision en x=45, y=299",(1|1)
003,5,2024-10-01,"Colision en x=44, y=291",(1|1)
003,5,2024-10-01,"Colision en x=43, y=281",(1|1)
003,5,2024-10-01,"Colision en x=42, y=275",(1|1)
003,5,2024-10-01,"Colision en x=41, y=269",(1|1)
003,5,2024-10-01,"Colision en x=40, y=261",(1|1)
003,5,2024-10-01,"Colision en x=66, y=72",(1|2)
003,5,2024-10-01,"Colision en x=64, y=120",(1|3)
003,5,2024-10-01,"Colision en x=65, y=2",(1|2)
003,5,2024-10-01,"Colision en x=64, y=2",(1|2)
003,5,2024-10-01,"Colision en x=63, y=2",(1|2)
003,5,2024-10-01,"Colision en x=62, y=2",(1|2)
003,5,2024-10-01,"Colision en x=61, y=2",(1|2)
003,5,2024-10-01,"Colision en x=60, y=2",(1|2)
003,5,2024-10-01,"Colision en x=59, y=2",(1|2)
003,5,2024-10-01,"Colision en x=58, y=2",(1|2)
003,5,2024-10-01,"Colision en x=57, y=2",(1|2)
003,5,2024-10-01,"Colision en x=56, y=2",(1|2)
003,5,2024-10-01,"Colision en x=55, y=2",(1|2)
003,5,2024-10-01,"Colision en x=54, y=2",(1|2)
003,5,2024-10-01,"Colision en x=53, y=2",(1|2)
003,5,2024-10-01,"Colision en x=52, y=2",(1|2)
003,5,2024-10-01,"Colision en x=51, y=2",(1|2)
003,5,2024-10-01,"Colision en x=50, y=2",(1|2)
003,5,2024-10-01,"Colision en x=49, y=2",(1|2)
003,5,2024-10-01,"Colision en x=48, y=2",(1|2)
003,5,2024-10-01,"Colision en x=69, y=2",(1|2)
003,5,2024-10-01,"Colision en x=68, y=2",(1|2)
003,5,2024-10-01,"Colision en x=67, y=2",(1|2)
003,5,2024-10-01,"Colision en x=66, y=2",(1|2)
003,5,2024-10-01,"Colision en x=65, y=2",(1|2)
003,5,2024-10-01,"Colision en x=64, y=2",(1|2)
003,5,2024-10-01,"Colision en x=63, y=2",(1|2)
003,5,2024-10-01,"Colision en x=62, y=2",(1|2)
003,5,2024-10-01,"Colision en x=61, y=2",(1|2)
003,5,2024-10-01,"Colision en x=71, y=420",(1|2)
003,5,2024-10-01,"Colision en x=71, y=420",(2|1)
003,5,2024-10-01,"Colision en x=71, y=420",(2|1)
003,5,2024-10-01,"Colision en x=70, y=311",(1|2)
003,5,2024-10-01,"Colision en x=71, y=303",(1|2)
003,5,2024-10-01,"Colision en x=68, y=1",(1|1)
003,5,2024-10-01,"Colision en x=67, y=1",(1|1)
003,5,2024-10-01,"Colision en x=66, y=1",(1|1)
003,5,2024-10-01,"Colision en x=65, y=1",(1|1)
003,5,2024-10-01,"Colision en x=64, y=1",(1|1)
003,5,2024-10-01,"Colision en x=63, y=1",(1|1)
003,5,2024-10-01,"Colision en x=62, y=1",(1|1)
003,5,2024-10-01,"Colision en x=61, y=1",(1|1)
003,5,2024-10-01,"Colision en x=60, y=1",(1|1)
003,5,2024-10-01,"Colision en x=59, y=1",(1|1)
003,5,2024-10-01,"Colision en x=58, y=1",(1|1)
003,5,2024-10-01,"Colision en x=57, y=1",(1|1)
003,5,2024-10-01,"Colision en x=56, y=1",(1|1)
003,5,2024-10-01,"Colision en x=55, y=1",(1|1)
003,5,2024-10-01,"Colision en x=54, y=1",(1|1)
003,5,2024-10-01,"Colision en x=53, y=1",(1|1)
003,5,2024-10-01,"Colision en x=52, y=1",(1|1)
003,5,2024-10-01,"Colision en x=51, y=1",(1|1)
003,5,2024-10-01,"Colision en x=50, y=1",(1|1)
003,5,2024-10-01,"Colision en x=49, y=1",(1|1)
003,5,2024-10-01,"Colision en x=49, y=1",(2|3)
003,5,2024-10-01,"Colision en x=68, y=209",(1|2)
003,5,2024-10-01,"Colision en x=67, y=199",(1|2)
003,5,2024-10-01,"Colision en x=66, y=189",(1|2)
003,5,2024-10-01,"Colision en x=65, y=179",(1|2)
003,5,2024-10-01,"Colision en x=64, y=169",(1|2)
003,5,2024-10-01,"Colision en x=63, y=159",(1|2)
003,5,2024-10-01,"Colision en x=62, y=149",(1|2)
003,5,2024-10-01,"Colision en x=61, y=139",(1|2)
003,5,2024-10-01,"Colision en x=60, y=129",(1|2)
003,5,2024-10-01,"Colision en x=59, y=119",(1|2)
003,5,2024-10-01,"Colision en x=58, y=109",(1|2)
003,5,2024-10-01,"Colision en x=57, y=99",(1|2)
003,5,2024-10-01,"Colision en x=70, y=378",(1|2)
003,5,2024-10-01,"Colision en x=70, y=378",(2|3)
003,5,2024-10-01,"Colision en x=65, y=2",(1|2)
003,5,2024-10-01,"Colision en x=65, y=2",(2|1)
003,5,2024-10-01,"Colision en x=68, y=145",(1|2)
003,5,2024-10-01,"Colision en x=67, y=135",(1|2)
003,5,2024-10-01,"Colision en x=66, y=125",(1|2)
003,5,2024-10-01,"Colision en x=65, y=115",(1|2)
003,5,2024-10-01,"Colision en x=64, y=105",(1|2)
003,5,2024-10-01,"Colision en x=63, y=95",(1|2)
003,5,2024-10-01,"Colision en x=62, y=85",(1|2)
003,5,2024-10-01,"Colision en x=61, y=75",(1|2)
003,5,2024-10-01,"Colision en x=60, y=65",(1|2)
003,5,2024-10-01,"Colision en x=59, y=55",(1|2)
003,5,2024-10-01,"Colision en x=58, y=45",(1|2)
003,5,2024-10-01,"Colision en x=57, y=35",(1|2)
003,5,2024-10-01,"Colision en x=56, y=29",(1|2)
003,5,2024-10-01,"Colision en x=55, y=37",(1|2)
003,5,2024-10-01,"Colision en x=54, y=45",(1|2)
003,5,2024-10-01,"Colision en x=53, y=53",(1|2)
003,5,2024-10-01,"Colision en x=52, y=61",(1|2)
003,5,2024-10-01,"Colision en x=51, y=69",(1|2)
003,5,2024-10-01,"Colision en x=50, y=77",(1|2)
003,5,2024-10-01,"Colision en x=49, y=85",(1|2)
003,5,2024-10-01,"Colision en x=48, y=93",(1|2)
003,5,2024-10-01,"Colision en x=47, y=101",(1|2)
003,5,2024-10-01,"Colision en x=46, y=109",(1|2)
003,5,2024-10-01,"Colision en x=45, y=117",(1|2)
003,5,2024-10-01,"Colision en x=44, y=125",(1|2)
003,5,2024-10-01,"Colision en x=43, y=133",(1|2)
003,5,2024-10-01,"Colision en x=42, y=141",(1|2)
003,5,2024-10-01,"Colision en x=41, y=149",(1|2)
003,5,2024-10-01,"Colision en x=40, y=157",(1|2)
003,5,2024-10-01,"Colision en x=40, y=157",(2|1)
003,5,2024-10-01,"Colision en x=39, y=165",(1|2)
003,5,2024-10-01,"Colision en x=38, y=173",(1|2)
003,5,2024-10-01,"Colision en x=37, y=181",(1|2)
003,5,2024-10-01,"Colision en x=37, y=181",(2|3)
003,5,2024-10-01,"Colision en x=63, y=-1",(1|1)
003,5,2024-10-01,"Colision en x=62, y=-1",(1|1)
003,5,2024-10-01,"Colision en x=61, y=-1",(1|1)
003,5,2024-10-01,"Colision en x=60, y=-1",(1|1)
003,5,2024-10-01,"Colision en x=59, y=-1",(1|1)
003,5,2024-10-01,"Colision en x=58, y=-1",(1|1)
003,5,2024-10-01,"Colision en x=58, y=-1",(2|2)
003,5,2024-10-01,"Colision en x=58, y=-1",(2|2)
003,5,2024-10-01,"Colision en x=58, y=-1",(2|2)
003,5,2024-10-01,"Colision en x=58, y=-1",(2|2)
003,5,2024-10-01,"Colision en x=58, y=-1",(2|2)
003,5,2024-10-01,"Colision en x=58, y=-1",(2|2)
003,5,2024-10-01,"Colision en x=58, y=-1",(2|2)
003,5,2024-10-01,"Colision en x=58, y=-1",(2|2)
003,5,2024-10-01,"Colision en x=71, y=437",(1|1)
003,5,2024-10-01,"Colision en x=70, y=144",(1|3)
003,5,2024-10-01,"Colision en x=63, y=216",(1|3)
003,5,2024-10-01,"Colision en x=62, y=206",(1|3)
003,5,2024-10-01,"Colision en x=61, y=196",(1|3)
003,5,2024-10-01,"Colision en x=60, y=186",(1|3)
003,5,2024-10-01,"Colision en x=59, y=176",(1|3)
003,5,2024-10-01,"Colision en x=58, y=166",(1|3)
003,5,2024-10-01,"Colision en x=57, y=156",(1|3)
003,5,2024-10-01,"Colision en x=56, y=146",(1|3)
003,5,2024-10-01,"Colision en x=55, y=136",(1|3)
003,5,2024-10-01,"Colision en x=54, y=126",(1|3)
003,5,2024-10-01,"Colision en x=53, y=116",(1|3)
003,5,2024-10-01,"Colision en x=52, y=106",(1|3)
003,5,2024-10-01,"Colision en x=51, y=96",(1|3)
003,5,2024-10-01,"Colision en x=50, y=86",(1|3)
003,5,2024-10-01,"Colision en x=49, y=76",(1|3)
003,5,2024-10-01,"Colision en x=48, y=66",(1|3)
003,5,2024-10-01,"Colision en x=47, y=56",(1|3)
003,5,2024-10-01,"Colision en x=46, y=46",(1|3)
003,5,2024-10-01,"Colision en x=45, y=36",(1|3)
003,5,2024-10-01,"Colision en x=44, y=30",(1|3)
003,5,2024-10-01,"Colision en x=43, y=38",(1|3)
003,5,2024-10-01,"Colision en x=42, y=46",(1|3)
003,5,2024-10-01,"Colision en x=41, y=295",(1|1)
003,5,2024-10-01,"Colision en x=40, y=303",(1|1)
003,5,2024-10-01,"Colision en x=39, y=311",(1|1)
003,5,2024-10-01,"Colision en x=38, y=317",(1|1)
003,5,2024-10-01,"Colision en x=37, y=325",(1|1)
003,5,2024-10-01,"Colision en x=36, y=331",(1|1)
003,5,2024-10-01,"Colision en x=35, y=339",(1|1)
003,5,2024-10-01,"Colision en x=34, y=347",(1|1)
003,5,2024-10-01,"Colision en x=33, y=353",(1|1)
003,5,2024-10-01,"Colision en x=32, y=359",(1|1)
003,5,2024-10-01,"Colision en x=70, y=441",(1|1)
003,5,2024-10-01,"Colision en x=70, y=441",(2|3)
003,5,2024-10-01,"Colision en x=70, y=441",(2|3)
003,5,2024-10-01,"Colision en x=70, y=441",(2|3)
003,5,2024-10-01,"Colision en x=70, y=441",(2|3)
003,5,2024-10-01,"Colision en x=70, y=441",(2|3)
003,5,2024-10-01,"Colision en x=70, y=441",(2|3)
003,5,2024-10-01,"Colision en x=70, y=441",(2|3)
003,5,2024-10-01,"Colision en x=70, y=441",(2|3)
003,5,2024-10-01,"Colision en x=70, y=441",(2|3)
003,5,2024-10-01,"Colision en x=70, y=441",(2|3)
003,5,2024-10-01,"Colision en x=70, y=441",(2|3)
003,5,2024-10-01,"Colision en x=70, y=441",(2|3)
003,5,2024-10-01,"Colision en x=68, y=124",(1|2)
003,5,2024-10-01,"Colision en x=67, y=132",(1|2)
003,5,2024-10-01,"Colision en x=66, y=140",(1|2)
003,5,2024-10-01,"Colision en x=65, y=148",(1|2)
003,5,2024-10-01,"Colision en x=64, y=156",(1|2)
003,5,2024-10-01,"Colision en x=63, y=164",(1|2)
003,5,2024-10-01,"Colision en x=62, y=172",(1|2)
003,5,2024-10-01,"Colision en x=61, y=180",(1|2)
003,5,2024-10-01,"Colision en x=60, y=188",(1|2)
003,5,2024-10-01,"Colision en x=59, y=196",(1|2)
003,5,2024-10-01,"Colision en x=59, y=196",(2|3)
003,5,2024-10-01,"Colision en x=68, y=286",(1|2)
003,5,2024-10-01,"Colision en x=67, y=276",(1|2)
003,5,2024-10-01,"Colision en x=66, y=266",(1|2)
003,5,2024-10-01,"Colision en x=65, y=256",(1|2)
003,5,2024-10-01,"Colision en x=64, y=246",(1|2)
003,5,2024-10-01,"Colision en x=63, y=236",(1|2)
003,5,2024-10-01,"Colision en x=62, y=226",(1|2)
003,5,2024-10-01,"Colision en x=61, y=216",(1|2)
003,5,2024-10-01,"Colision en x=71, y=140",(1|2)
003,5,2024-10-01,"Colision en x=70, y=404",(1|1)
003,5,2024-10-01,"Colision en x=71, y=420",(1|3)
003,5,2024-10-01,"Colision en x=71, y=420",(2|2)
003,5,2024-10-01,"Colision en x=71, y=136",(1|2)
003,5,2024-10-01,"Colision en x=0, y=0",(2|1)
003,5,2024-10-01,"Colision en x=47, y=437",(1|2)
003,5,2024-10-01,"Colision en x=69, y=185",(1|2)
003,5,2024-10-01,"Colision en x=68, y=193",(1|2)
003,5,2024-10-01,"Colision en x=67, y=201",(1|2)
003,5,2024-10-01,"Colision en x=66, y=415",(1|2)
003,5,2024-10-01,"Colision en x=65, y=405",(1|2)
003,5,2024-10-01,"Colision en x=64, y=395",(1|2)
003,5,2024-10-01,"Colision en x=63, y=385",(1|2)
003,5,2024-10-01,"Colision en x=62, y=375",(1|2)
003,5,2024-10-01,"Colision en x=61, y=365",(1|2)
003,5,2024-10-01,"Colision en x=60, y=355",(1|2)
003,5,2024-10-01,"Colision en x=59, y=345",(1|2)
003,5,2024-10-01,"Colision en x=62, y=398",(1|1)
003,5,2024-10-01,"Colision en x=71, y=236",(1|1)
003,5,2024-10-01,"Colision en x=71, y=236",(2|3)
003,5,2024-10-01,"Colision en x=46, y=395",(1|2)
003,5,2024-10-01,"Colision en x=45, y=385",(1|2)
003,5,2024-10-01,"Colision en x=44, y=375",(1|2)
003,5,2024-10-01,"Colision en x=43, y=365",(1|2)
003,5,2024-10-01,"Colision en x=42, y=355",(1|2)
003,5,2024-10-01,"Colision en x=63, y=484",(1|3)
003,5,2024-10-01,"Colision en x=63, y=484",(2|1)
003,5,2024-10-01,"Colision en x=63, y=484",(2|3)
003,5,2024-10-01,"Colision en x=68, y=174",(1|2)
003,5,2024-10-01,"Colision en x=67, y=182",(1|2)
003,5,2024-10-01,"Colision en x=66, y=190",(1|2)
003,5,2024-10-01,"Colision en x=65, y=198",(1|2)
003,5,2024-10-01,"Colision en x=64, y=206",(1|2)
003,5,2024-10-01,"Colision en x=63, y=214",(1|2)
003,5,2024-10-01,"Colision en x=62, y=222",(1|2)
003,5,2024-10-01,"Colision en x=61, y=230",(1|2)
003,5,2024-10-01,"Colision en x=60, y=238",(1|2)
003,5,2024-10-01,"Colision en x=59, y=246",(1|2)
003,5,2024-10-01,"Colision en x=58, y=254",(1|2)
003,5,2024-10-01,"Colision en x=57, y=262",(1|2)
003,5,2024-10-01,"Colision en x=56, y=270",(1|2)
003,5,2024-10-01,"Colision en x=55, y=278",(1|2)
003,5,2024-10-01,"Colision en x=54, y=286",(1|2)
003,5,2024-10-01,"Colision en x=53, y=294",(1|2)
003,5,2024-10-01,"Colision en x=52, y=302",(1|2)
003,5,2024-10-01,"Colision en x=51, y=310",(1|2)
003,5,2024-10-01,"Colision en x=50, y=318",(1|2)
003,5,2024-10-01,"Colision en x=49, y=326",(1|2)
003,5,2024-10-01,"Colision en x=48, y=334",(1|2)
003,5,2024-10-01,"Colision en x=47, y=342",(1|2)
003,5,2024-10-01,"Colision en x=46, y=350",(1|2)
003,5,2024-10-01,"Colision en x=45, y=358",(1|2)
003,5,2024-10-01,"Colision en x=44, y=366",(1|2)
003,5,2024-10-01,"Colision en x=43, y=374",(1|2)
003,5,2024-10-01,"Colision en x=42, y=382",(1|2)
003,5,2024-10-01,"Colision en x=41, y=390",(1|2)
003,5,2024-10-01,"Colision en x=48, y=406",(1|2)
003,5,2024-10-01,"Colision en x=47, y=414",(1|2)
003,5,2024-10-01,"Colision en x=46, y=422",(1|2)
003,5,2024-10-01,"Colision en x=45, y=430",(1|2)
003,5,2024-10-01,"Colision en x=44, y=438",(1|2)
003,5,2024-10-01,"Colision en x=43, y=446",(1|2)
003,5,2024-10-01,"Colision en x=42, y=454",(1|2)
003,5,2024-10-01,"Colision en x=41, y=462",(1|2)
003,5,2024-10-01,"Colision en x=40, y=470",(1|2)
003,5,2024-10-01,"Colision en x=39, y=478",(1|2)
003,5,2024-10-01,"Colision en x=38, y=486",(1|2)
003,5,2024-10-01,"Colision en x=37, y=494",(1|2)
003,5,2024-10-01,"Colision en x=36, y=502",(1|2)
003,5,2024-10-01,"Colision en x=35, y=510",(1|2)
003,5,2024-10-01,"Colision en x=34, y=518",(1|2)
003,5,2024-10-01,"Colision en x=71, y=2",(1|3)
003,5,2024-10-01,"Colision en x=71, y=2",(2|1)
003,5,2024-10-01,"Colision en x=71, y=2",(2|2)
003,5,2024-10-01,"Colision en x=70, y=2",(1|3)
003,5,2024-10-01,"Colision en x=70, y=2",(2|1)
003,5,2024-10-01,"Colision en x=70, y=2",(2|1)
003,5,2024-10-01,"Colision en x=70, y=2",(2|1)
003,5,2024-10-01,"Colision en x=70, y=2",(2|1)
003,5,2024-10-01,"Colision en x=70, y=2",(2|1)
003,5,2024-10-01,"Colision en x=70, y=2",(2|1)
003,5,2024-10-01,"Colision en x=70, y=2",(2|1)
003,5,2024-10-01,"Colision en x=70, y=2",(2|1)
003,5,2024-10-01,"Colision en x=70, y=2",(2|1)
003,5,2024-10-01,"Colision en x=70, y=2",(2|1)
003,5,2024-10-01,"Colision en x=70, y=2",(2|3)
003,5,2024-10-01,"Colision en x=70, y=2",(1|2)
003,5,2024-10-01,"Colision en x=69, y=2",(1|2)
003,5,2024-10-01,"Colision en x=68, y=2",(1|2)
003,5,2024-10-01,"Colision en x=67, y=2",(1|2)
003,5,2024-10-01,"Colision en x=66, y=2",(1|2)
003,5,2024-10-01,"Colision en x=65, y=2",(1|2)
003,5,2024-10-01,"Colision en x=70, y=0",(1|2)
003,5,2024-10-01,"Colision en x=42, y=539",(1|1)
003,5,2024-10-01,"Colision en x=41, y=529",(1|1)
003,5,2024-10-01,"Colision en x=40, y=521",(1|1)
003,5,2024-10-01,"Colision en x=39, y=513",(1|1)
003,5,2024-10-01,"Colision en x=38, y=503",(1|1)
003,5,2024-10-01,"Colision en x=37, y=493",(1|1)
003,5,2024-10-01,"Colision en x=36, y=483",(1|1)
003,5,2024-10-01,"Colision en x=35, y=473",(1|1)
003,5,2024-10-01,"Colision en x=69, y=433",(1|1)
003,5,2024-10-01,"Colision en x=68, y=425",(1|1)
003,5,2024-10-01,"Colision en x=67, y=417",(1|1)
003,5,2024-10-01,"Colision en x=66, y=411",(1|1)
003,5,2024-10-01,"Colision en x=65, y=403",(1|1)
003,5,2024-10-01,"Colision en x=64, y=395",(1|1)
003,5,2024-10-01,"Colision en x=63, y=387",(1|1)
003,5,2024-10-01,"Colision en x=62, y=381",(1|1)
003,5,2024-10-01,"Colision en x=61, y=373",(1|1)
003,5,2024-10-01,"Colision en x=60, y=363",(1|1)
003,5,2024-10-01,"Colision en x=59, y=355",(1|1)
003,5,2024-10-01,"Colision en x=58, y=347",(1|1)
003,5,2024-10-01,"Colision en x=57, y=339",(1|1)
003,5,2024-10-01,"Colision en x=56, y=331",(1|1)
003,5,2024-10-01,"Colision en x=55, y=323",(1|1)
003,5,2024-10-01,"Colision en x=54, y=315",(1|1)
003,5,2024-10-01,"Colision en x=53, y=307",(1|1)
003,5,2024-10-01,"Colision en x=52, y=299",(1|1)
003,5,2024-10-01,"Colision en x=51, y=291",(1|1)
003,5,2024-10-01,"Colision en x=50, y=281",(1|1)
003,5,2024-10-01,"Colision en x=49, y=273",(1|1)
003,5,2024-10-01,"Colision en x=48, y=263",(1|1)
003,5,2024-10-01,"Colision en x=47, y=253",(1|1)
003,5,2024-10-01,"Colision en x=46, y=243",(1|1)
003,5,2024-10-01,"Colision en x=37, y=225",(1|1)
003,5,2024-10-01,"Colision en x=36, y=217",(1|1)
003,5,2024-10-01,"Colision en x=35, y=209",(1|1)
003,5,2024-10-01,"Colision en x=34, y=199",(1|1)
003,5,2024-10-01,"Colision en x=34, y=199",(2|3)
003,5,2024-10-01,"Colision en x=62, y=424",(1|1)
003,5,2024-10-01,"Colision en x=61, y=416",(1|1)
003,5,2024-10-01,"Colision en x=60, y=406",(1|1)
003,5,2024-10-01,"Colision en x=59, y=398",(1|1)
003,5,2024-10-01,"Colision en x=58, y=392",(1|1)
003,5,2024-10-01,"Colision en x=57, y=382",(1|1)
003,5,2024-10-01,"Colision en x=56, y=372",(1|1)
003,5,2024-10-01,"Colision en x=55, y=366",(1|1)
003,5,2024-10-01,"Colision en x=54, y=358",(1|1)
003,5,2024-10-01,"Colision en x=53, y=348",(1|1)
003,5,2024-10-01,"Colision en x=52, y=342",(1|1)
003,5,2024-10-01,"Colision en x=51, y=332",(1|1)
003,5,2024-10-01,"Colision en x=50, y=322",(1|1)
003,5,2024-10-01,"Colision en x=49, y=316",(1|1)
003,5,2024-10-01,"Colision en x=48, y=306",(1|1)
003,5,2024-10-01,"Colision en x=47, y=296",(1|1)
003,5,2024-10-01,"Colision en x=46, y=286",(1|1)
003,5,2024-10-01,"Colision en x=45, y=280",(1|1)
003,5,2024-10-01,"Colision en x=61, y=2",(1|3)
003,5,2024-10-01,"Colision en x=60, y=2",(1|3)
003,5,2024-10-01,"Colision en x=59, y=2",(1|3)
003,5,2024-10-01,"Colision en x=58, y=2",(1|3)
003,5,2024-10-01,"Colision en x=34, y=2",(1|2)
003,5,2024-10-01,"Colision en x=33, y=2",(1|2)
003,5,2024-10-01,"Colision en x=32, y=2",(1|2)
003,5,2024-10-01,"Colision en x=31, y=2",(1|2)
003,5,2024-10-01,"Colision en x=30, y=2",(1|2)
003,5,2024-10-01,"Colision en x=71, y=420",(1|2)
003,5,2024-10-01,"Colision en x=71, y=420",(2|1)
003,5,2024-10-01,"Colision en x=69, y=285",(1|2)
003,5,2024-10-01,"Colision en x=71, y=415",(1|3)
003,5,2024-10-01,"Colision en x=64, y=541",(1|3)
003,5,2024-10-01,"Colision en x=63, y=531",(1|3)
003,5,2024-10-01,"Colision en x=62, y=521",(1|3)
003,5,2024-10-01,"Colision en x=61, y=511",(1|3)
003,5,2024-10-01,"Colision en x=60, y=501",(1|3)
003,5,2024-10-01,"Colision en x=59, y=491",(1|3)
003,5,2024-10-01,"Colision en x=58, y=481",(1|3)
003,5,2024-10-01,"Colision en x=57, y=471",(1|3)
003,5,2024-10-01,"Colision en x=56, y=461",(1|3)
003,5,2024-10-01,"Colision en x=55, y=451",(1|3)
003,5,2024-10-01,"Colision en x=54, y=441",(1|3)
003,5,2024-10-01,"Colision en x=53, y=431",(1|3)
003,5,2024-10-01,"Colision en x=52, y=421",(1|3)
003,5,2024-10-01,"Colision en x=51, y=411",(1|3)
003,5,2024-10-01,"Colision en x=50, y=401",(1|3)
003,5,2024-10-01,"Colision en x=49, y=391",(1|3)
003,5,2024-10-01,"Colision en x=48, y=381",(1|3)
003,5,2024-10-01,"Colision en x=47, y=371",(1|3)
